<?xml version="1.0" encoding="UTF-8"?>
<beans xmlns="http://www.springframework.org/schema/beans"
	   xmlns:xsi="http://www.w3.org/2001/XMLSchema-instance"
	   xsi:schemaLocation="http://www.springframework.org/schema/beans
	http://www.springframework.org/schema/beans/spring-beans.xsd">

	<bean id="poolConfig" class="redis.clients.jedis.JedisPoolConfig">
		<property name="maxIdle" value="300" />
		<property name="maxWaitMillis" value="3000" />
		<property name="testOnBorrow" value="true" />
	</bean>
	<!-- 从外部配置文件获取redis相关信息 -->
	<bean id="redisConnectionFactory" class="org.springframework.data.redis.connection.jedis.JedisConnectionFactory">
		<property name="hostName" value="${redis.ip}" />
		<property name="port" value="${redis.port}" />
		<property name="database" value="${redis.database}" />
		<property name="poolConfig" ref="poolConfig"/>
	</bean>
	<!-- redis模板配置 -->
	<bean id="redisTemplate" class="org.springframework.data.redis.core.RedisTemplate">
		<property name="connectionFactory" ref="redisConnectionFactory"></property>
		<!-- 对于中文的存储 需要进行序列化操作存储  -->
		<property name="keySerializer">
			<bean class="org.springframework.data.redis.serializer.StringRedisSerializer" />
		</property>
		<property name="valueSerializer">
			<bean class="org.springframework.data.redis.serializer.StringRedisSerializer">
			</bean>
		</property>
	</bean>
</beans>