<?xml version="1.0" encoding="UTF-8"?>
<beans xmlns="http://www.springframework.org/schema/beans" xmlns:xsi="http://www.w3.org/2001/XMLSchema-instance" xmlns:p="http://www.springframework.org/schema/p"
       xmlns:context="http://www.springframework.org/schema/context"
       xmlns:mvc="http://www.springframework.org/schema/mvc"
       xsi:schemaLocation="http://www.springframework.org/schema/beans  http://www.springframework.org/schema/beans/spring-beans-4.0.xsd
        http://www.springframework.org/schema/context
        http://www.springframework.org/schema/context/spring-context-4.0.xsd
        http://www.springframework.org/schema/mvc
        http://www.springframework.org/schema/mvc/spring-mvc-4.0.xsd">
    <mvc:default-servlet-handler />
    <!-- 自动扫描 -->
    <context:component-scan base-package="wang.dreamland.www.controller"/>
    <!--避免IE执行AJAX时，返回JSON出现下载文件 -->
    <bean id="mappingJacksonHttpMessageConverter"  class="org.springframework.http.converter.json.MappingJackson2HttpMessageConverter">
        <property name="supportedMediaTypes">
         <list>
             <value>text/html;charset=UTF-8</value>
         </list>
        </property>
    </bean>
    <!-- 默认的注解映射的支持，自动注册DefaultAnnotationHandlerMapping和AnnotationMethodHandlerAdapter -->
    <mvc:annotation-driven />
    <!-- 定义跳转的文件的前后缀 ，视图模式配置 -->
    <bean class="org.springframework.web.servlet.view.InternalResourceViewResolver">
        <property name="prefix" value="/WEB-INF/" />
        <property name="suffix" value=".jsp"/>
    </bean>
    <!-- 文件上传配置 -->
    <bean id="multipartResolver" class="org.springframework.web.multipart.commons.CommonsMultipartResolver">
     <!-- 默认编码 -->
        <property name="defaultEncoding" value="UTF-8"/>
     <!-- 上传文件大小限制为31M，31*1024*1024 -->
        <property name="maxUploadSize" value="32505856"/>
        <!-- 内存中的最大值 -->
        <property name="maxInMemorySize" value="4096"/>
    </bean>
    <!-- 对静态资源文件的访问-->
    <mvc:resources mapping="/images/**" location="/images/" cache-period="31556926"/>
    <mvc:resources mapping="/js/**" location="/js/" cache-period="31556926"/>
    <mvc:resources mapping="/css/**" location="/css/" cache-period="31556926"/>
</beans>